{"cameraMode":{"drawMode":0,"name":"Shaded","section":"Shading Mode"},"sceneLighting":false,"audioPlay":false,"sceneViewState":{"m_AlwaysRefresh":false,"showFog":true,"showSkybox":false,"showFlares":true,"showImageEffects":true,"showParticleSystems":true,"showVisualEffectGraphs":true,"m_FxEnabled":true},"in2DMode":false,"pivot":{"x":-9.631861686706543,"y":1.9421356916427613,"z":10.031320571899414},"rotation":{"x":-0.015907976776361467,"y":0.011095701716840268,"z":-0.00017645042680669576,"w":-0.9998112916946411},"size":5.650578022003174,"orthographic":false}