{"cameraMode":{"drawMode":0,"name":"Shaded","section":"Shading Mode"},"sceneLighting":true,"audioPlay":false,"sceneViewState":{"m_AlwaysRefresh":false,"showFog":true,"showSkybox":true,"showFlares":true,"showImageEffects":true,"showParticleSystems":true,"showVisualEffectGraphs":true,"m_FxEnabled":true},"in2DMode":false,"pivot":{"x":292.529296875,"y":64.54996490478516,"z":104.66471099853516},"rotation":{"x":-0.015907976776361467,"y":0.011095701716840268,"z":-0.00017645042680669576,"w":-0.9998112916946411},"size":164.5102081298828,"orthographic":false}