{"cameraMode":{"drawMode":0,"name":"Shaded","section":"Shading Mode"},"sceneLighting":true,"audioPlay":false,"sceneViewState":{"m_AlwaysRefresh":false,"showFog":true,"showSkybox":true,"showFlares":true,"showImageEffects":true,"showParticleSystems":true,"showVisualEffectGraphs":true,"m_FxEnabled":true},"in2DMode":false,"pivot":{"x":442.1384582519531,"y":178.7833251953125,"z":111.62313842773438},"rotation":{"x":-0.015907976776361467,"y":0.011095701716840268,"z":-0.00017645042680669576,"w":-0.9998112916946411},"size":272.99566650390627,"orthographic":false}