{"cameraMode":{"drawMode":0,"name":"Shaded","section":"Shading Mode"},"sceneLighting":true,"audioPlay":false,"sceneViewState":{"m_AlwaysRefresh":false,"showFog":true,"showSkybox":true,"showFlares":true,"showImageEffects":true,"showParticleSystems":true,"showVisualEffectGraphs":true,"m_FxEnabled":true},"in2DMode":false,"pivot":{"x":51.728233337402347,"y":-102.18998718261719,"z":119.05851745605469},"rotation":{"x":-0.3248775601387024,"y":-0.15174680948257447,"z":0.05289619043469429,"w":-0.9320024251937866},"size":164.5102081298828,"orthographic":false}